,Estacao,N. Lab.,Long (X) 4326,Lat (Y) 4326,Laboratorio,Cod an√°lise,Tipo de amostra,As (PPM),Bi (PPM)
0,AF-0001,CCG 526,-44.83379619,-19.73237593,Acme,ICP14B/1F04,Sed. Cor.,87.1,0.23
1,AF-0002,CCG 527,-44.84385986,-19.72762252,Acme,ICP14B/1F04,Sed. Cor.,8.2,0.3
2,AF-0003,CCG 528,-44.84709828,-19.72425453,Acme,ICP14B/1F04,Sed. Cor.,39.5,0.22
3,AF-0004,CCG 529,-44.91765456,-19.69938589,Acme,ICP14B/1F04,Sed. Cor.,33.4,0.37
4,AF-0005,CCG 530,-44.92843159,-19.68951308,Acme,ICP14B/1F04,Sed. Cor.,34.2,0.46
5,AF-0006,CCG 531,-44.7707429,-19.88438713,Acme,ICP14B/1F04,Sed. Cor.,2.4,0.1
6,AF-0007,CCG 532,-44.87461237,-19.89359964,Acme,ICP14B/1F04,Sed. Cor.,1.7,0.11
7,AF-0008,CCG 533,-44.9320301,-19.70859156,Acme,ICP14B/1F04,Sed. Cor.,23.8,0.22
8,AF-0009,CCG 534,-44.92922981,-19.69688758,Acme,ICP14B/1F04,Sed. Cor.,19.3,0.18
9,AF-0010A,CCG 535,-44.99872114,-19.73307655,Acme,ICP14B/1F04,Sed. Cor.,0.7,0.39
10,AF-0010B,CCH135,-44.99872114,-19.73307655,Acme,ICP14B/1F04,Sed. Cor.,0.5,0.37
11,AF-0011,CCG 536,-44.97404397,-19.71437719,Acme,ICP14B/1F04,Sed. Cor.,0.8,0.2
12,AF-0012,CCG 537,-44.96547377,-19.71852371,Acme,ICP14B/1F04,Sed. Cor.,2.4,0.61
13,AF-0013,CCG 538,-44.94884941,-19.69046894,Acme,ICP14B/1F04,Sed. Cor.,1.8,0.09
14,AF-0014,CCG 539,-44.97109222,-19.6783372,Acme,ICP14B/1F04,Sed. Cor.,3.2,0.18
15,AF-0015,CCG 540,-44.99035188,-19.5628726,Acme,ICP14B/1F04,Sed. Cor.,23.1,0.22
16,AF-0016,CCG 541,-44.9811402,-19.6628039,Acme,ICP14B/1F04,Sed. Cor.,1.3,0.31
17,AF-0017,CCG 542,-44.98983492,-19.59708708,Acme,ICP14B/1F04,Sed. Cor.,24.7,0.62
18,AF-0018,CCG 543,-44.98327048,-19.63439164,Acme,ICP14B/1F04,Sed. Cor.,21.8,0.08
19,AF-0019,CCG 544,-44.97058952,-19.66216085,Acme,ICP14B/1F04,Sed. Cor.,49,0.18
20,AF-0020A,CCG 545,-44.92738185,-19.66881791,Acme,ICP14B/1F04,Sed. Cor.,21.2,0.47
21,AF-0020B,CCH136,-44.92738185,-19.66881791,Acme,ICP14B/1F04,Sed. Cor.,21.9,0.47
22,AF-0021,CCG 546,-44.93234775,-19.61102793,Acme,ICP14B/1F04,Sed. Cor.,22,0.47
23,AF-0022,CCG 547,-44.99089652,-19.54119253,Acme,ICP14B/1F04,Sed. Cor.,7.1,0.17
24,AF-0023,CCG 548,-44.85547026,-19.73200614,Acme,ICP14B/1F04,Sed. Cor.,178.5,0.43
25,AF-0024,CCG 549,-44.83392043,-19.74144009,Acme,ICP14B/1F04,Sed. Cor.,9,0.22
26,AF-0025,CCG 550,-44.88201582,-19.75176224,Acme,ICP14B/1F04,Sed. Cor.,10.5,0.21
27,AF-0026,CCG 551,-44.95527845,-19.52432389,Acme,ICP14B/1F04,Sed. Cor.,1.6,0.39
28,AF-0027,CCG 552,-44.9526129,-19.54584971,Acme,ICP14B/1F04,Sed. Cor.,24.4,0.37
29,AF-0028,CCG 553,-44.94151843,-19.5678338,Acme,ICP14B/1F04,Sed. Cor.,10.4,0.35
30,AF-0029,CCG 554,-44.89597136,-19.6321302,Acme,ICP14B/1F04,Sed. Cor.,32.5,0.53
31,AF-0030A,CCG 555,-44.88282508,-19.63656835,Acme,ICP14B/1F04,Sed. Cor.,21.4,0.42
32,AF-0030B,CCH137,-44.88282508,-19.63656835,Acme,ICP14B/1F04,Sed. Cor.,19.4,0.43
33,AF-0031,CCG 556,-44.90883532,-19.58579506,Acme,ICP14B/1F04,Sed. Cor.,17.1,0.4
34,AF-0032,CCG 557,-44.92256155,-19.61460267,Acme,ICP14B/1F04,Sed. Cor.,12.1,0.39
35,AF-0033,CCG 558,-44.92844217,-19.57950504,Acme,ICP14B/1F04,Sed. Cor.,20.9,0.5
36,AF-0034,CCG 559,-44.95387945,-19.5504138,Acme,ICP14B/1F04,Sed. Cor.,34.3,0.33
37,AF-0035,CCG 560,-44.85541992,-19.71369724,Acme,ICP14B/1F04,Sed. Cor.,55,0.26
38,AF-0036,CCG 561,-44.85153945,-19.68935752,Acme,ICP14B/1F04,Sed. Cor.,37.8,0.37
39,AF-0037,CCG 562,-44.84868724,-19.67856498,Acme,ICP14B/1F04,Sed. Cor.,16,0.24
40,AF-0038,CCG 563,-44.83942455,-19.6198796,Acme,ICP14B/1F04,Sed. Cor.,4.7,0.29
41,AF-0039,CCG 564,-44.84639915,-19.6166956,Acme,ICP14B/1F04,Sed. Cor.,16.2,0.39
42,AF-0040A,CCG 565,-44.82180064,-19.61074464,Acme,ICP14B/1F04,Sed. Cor.,16.2,0.26
43,AF-0040B,CCH138,-44.82180064,-19.61074464,Acme,ICP14B/1F04,Sed. Cor.,14.9,0.27
44,AF-0041,CCG 566,-44.8221982,-19.59608693,Acme,ICP14B/1F04,Sed. Cor.,77.6,0.29
45,AF-0042,CCG 567,-44.81533821,-19.62454673,Acme,ICP14B/1F04,Sed. Cor.,10.8,0.3
46,AF-0043,CCG 568,-44.80916545,-19.61826859,Acme,ICP14B/1F04,Sed. Cor.,16.9,0.26
47,AF-0044,CCG 569,-44.85143991,-19.60054157,Acme,ICP14B/1F04,Sed. Cor.,9.4,0.26
48,AF-0045,CCG 570,-44.80113423,-19.71973616,Acme,ICP14B/1F04,Sed. Cor.,51.1,0.32
49,AF-0046,CCG 571,-44.80324937,-19.70690604,Acme,ICP14B/1F04,Sed. Cor.,10.6,0.18
50,AF-0047,CCG 572,-44.80407174,-19.69763503,Acme,ICP14B/1F04,Sed. Cor.,14.4,0.21
51,AF-0048,CCG 573,-44.9939342,-19.62586133,Acme,ICP14B/1F04,Sed. Cor.,0.8,0.35
52,AF-0049,CCG 574,-44.83523692,-19.58326668,Acme,ICP14B/1F04,Sed. Cor.,11.9,0.18
53,AF-0050A,CCG 575,-44.84398707,-19.57634301,Acme,ICP14B/1F04,Sed. Cor.,21.6,0.32
54,AF-0050B,CCH139,-44.84398707,-19.57634301,Acme,ICP14B/1F04,Sed. Cor.,21,0.3
55,AF-0051,CCG 576,-44.86933194,-19.56175015,Acme,ICP14B/1F04,Sed. Cor.,16.6,0.35
56,AF-0052,CCG 577,-44.86597542,-19.53948925,Acme,ICP14B/1F04,Sed. Cor.,18.7,0.26
57,AF-0053,CCG 578,-44.8813626,-19.52368501,Acme,ICP14B/1F04,Sed. Cor.,17.3,0.3
58,AF-0054,CCG 579,-44.89832802,-19.50917262,Acme,ICP14B/1F04,Sed. Cor.,9.4,0.29
59,AF-0055,CCG 580,-44.78110632,-19.49925444,Acme,ICP14B/1F04,Sed. Cor.,24,0.39
60,AF-0056,CCG 581,-44.86717023,-19.52382877,Acme,ICP14B/1F04,Sed. Cor.,23.6,0.27
61,AF-0057,CCG 582,-44.83418898,-19.52640423,Acme,ICP14B/1F04,Sed. Cor.,12.6,0.27
62,AF-0058,CCG 583,-44.79513934,-19.54069706,Acme,ICP14B/1F04,Sed. Cor.,22.5,0.2
63,AF-0059,CCG 584,-44.79525228,-19.5418449,Acme,ICP14B/1F04,Sed. Cor.,9.7,0.32
64,AF-0060A,CCG 585,-44.80100285,-19.54757182,Acme,ICP14B/1F04,Sed. Cor.,21.6,0.33
65,AF-0060B,CCH140,-44.80100285,-19.54757182,Acme,ICP14B/1F04,Sed. Cor.,18.6,0.3
66,AF-0061,CCG 586,-44.89187918,-19.54713395,Acme,ICP14B/1F04,Sed. Cor.,21.7,0.44
67,AF-0062,CCG 587,-44.7919792,-19.60398008,Acme,ICP14B/1F04,Sed. Cor.,4.4,0.25
68,AF-0063,CCG 588,-44.7843972,-19.61175205,Acme,ICP14B/1F04,Sed. Cor.,15.7,0.29
69,AF-0064,CCG 589,-44.78031187,-19.62148903,Acme,ICP14B/1F04,Sed. Cor.,8.7,0.39
70,AF-0065,CCG 590,-44.75550216,-19.65544517,Acme,ICP14B/1F04,Sed. Cor.,4.5,0.45
71,AF-0066,CCG 591,-44.76400163,-19.64883242,Acme,ICP14B/1F04,Sed. Cor.,16.6,0.49
72,AF-0067,CCG 592,-44.75371555,-19.56331937,Acme,ICP14B/1F04,Sed. Cor.,9.2,1.82
73,AF-0068,CCG 593,-44.7667308,-19.62825874,Acme,ICP14B/1F04,Sed. Cor.,4.7,0.28
74,AF-0069,CCG 594,-44.9423078,-19.70683295,Acme,ICP14B/1F04,Sed. Cor.,23.8,0.18
75,AF-0070A,CCG 595,-44.90122787,-19.72358764,Acme,ICP14B/1F04,Sed. Cor.,70.3,0.12
76,AF-0070B,CCH141,-44.90122787,-19.72358764,Acme,ICP14B/1F04,Sed. Cor.,65.4,0.11
77,AF-0071,CCG 596,-44.80860324,-19.63397435,Acme,ICP14B/1F04,Sed. Cor.,43.7,0.24
78,AF-0072,CCG 597,-44.8129911,-19.63359037,Acme,ICP14B/1F04,Sed. Cor.,13.2,0.28
79,AF-0073,CCG 598,-44.80094134,-19.62867034,Acme,ICP14B/1F04,Sed. Cor.,25.2,0.29
80,AF-0074,CCG 599,-44.79796573,-19.62858569,Acme,ICP14B/1F04,Sed. Cor.,41.9,0.33
81,AF-0075,CCG 600,-44.76196761,-19.55961621,Acme,ICP14B/1F04,Sed. Cor.,13.5,0.39
82,AF-0076,CCG 601,-44.74888352,-19.57463614,Acme,ICP14B/1F04,Sed. Cor.,4,0.32
83,AF-0077,CCG 602,-44.75185674,-19.57560722,Acme,ICP14B/1F04,Sed. Cor.,12.3,0.2
84,AF-0078,CCG 603,-44.73517844,-19.75732563,Acme,ICP14B/1F04,Sed. Cor.,19.9,0.25
85,AF-0079,CCG 604,-44.73774513,-19.78125898,Acme,ICP14B/1F04,Sed. Cor.,16.2,0.21
86,AF-0080A,CCG 605,-44.74291733,-19.78847789,Acme,ICP14B/1F04,Sed. Cor.,3.5,0.28
87,AF-0080B,CCH142,-44.74291733,-19.78847789,Acme,ICP14B/1F04,Sed. Cor.,3.5,0.36
88,AF-0081,CCG 606,-44.72771149,-19.78700045,Acme,ICP14B/1F04,Sed. Cor.,23.5,0.2
89,AF-0082,CCG 607,-44.72267937,-19.79303834,Acme,ICP14B/1F04,Sed. Cor.,2.5,0.58
90,AF-0083,CCG 608,-44.67922197,-19.76361411,Acme,ICP14B/1F04,Sed. Cor.,2.6,1.94
91,AF-0084,CCG 609,-44.68453095,-19.7578942,Acme,ICP14B/1F04,Sed. Cor.,8.6,0.16
92,AF-0085,CCG 610,-44.663667,-19.7934883,Acme,ICP14B/1F04,Sed. Cor.,0.4,0.46
93,AF-0086,CCG 611,-44.64542253,-19.80198374,Acme,ICP14B/1F04,Sed. Cor.,0.8,0.37
94,AF-0087,CCG 612,-44.64790208,-19.81630285,Acme,ICP14B/1F04,Sed. Cor.,8.7,1.23
95,AF-0088,CCG 613,-44.64078051,-19.82406026,Acme,ICP14B/1F04,Sed. Cor.,6.4,0.4
96,AF-0089,CCG 614,-44.63117927,-19.82599262,Acme,ICP14B/1F04,Sed. Cor.,8.1,0.88
97,AF-0090A,CCG 615,-44.62319217,-19.82364446,Acme,ICP14B/1F04,Sed. Cor.,7.9,1.29
98,AF-0090B,CCH143,-44.62319217,-19.82364446,Acme,ICP14B/1F04,Sed. Cor.,8.3,1.49
99,AF-0091,CCG 616,-44.63826837,-19.76944608,Acme,ICP14B/1F04,Sed. Cor.,8.2,0.25
100,AF-0092,CCG 617,-44.63456976,-19.77974952,Acme,ICP14B/1F04,Sed. Cor.,2,0.33
101,AF-0093,CCG 618,-44.6060105,-19.8364937,Acme,ICP14B/1F04,Sed. Cor.,6,0.41
102,AF-0094,CCG 619,-44.64074692,-19.88142517,Acme,ICP14B/1F04,Sed. Cor.,2.1,0.28
103,AF-0095,CCG 620,-44.7028668,-19.96835494,Acme,ICP14B/1F04,Sed. Cor.,0.4,0.05
104,AF-0096,CCG 621,-44.67920895,-19.98846537,Acme,ICP14B/1F04,Sed. Cor.,0.7,0.1
105,AF-0097,CCG 622,-44.65930908,-19.96092086,Acme,ICP14B/1F04,Sed. Cor.,0.3,0.08
106,AF-0098,CCG 623,-44.61541836,-19.97827176,Acme,ICP14B/1F04,Sed. Cor.,0.1,0.1
107,AF-0099,CCG 624,-44.63535977,-19.9728829,Acme,ICP14B/1F04,Sed. Cor.,0.1,0.04
108,AF-0100A,CCG 625,-44.71911366,-19.99067476,Acme,ICP14B/1F04,Sed. Cor.,1,0.06
109,AF-0100B,CCH144,-44.71911366,-19.99067476,Acme,ICP14B/1F04,Sed. Cor.,0.7,0.06
110,ED-0001,CCG 626,-44.65199497,-19.57509883,Acme,ICP14B/1F04,Sed. Cor.,0.8,0.2
111,ED-0002,CCG 627,-44.65865208,-19.58311832,Acme,ICP14B/1F04,Sed. Cor.,0.1,0.14
112,ED-0003,CCG 628,-44.65968058,-19.57463453,Acme,ICP14B/1F04,Sed. Cor.,1.5,0.18
113,ED-0004,CCG 629,-44.65475696,-19.62119267,Acme,ICP14B/1F04,Sed. Cor.,3.5,0.57
114,ED-0005,CCG 630,-44.67430394,-19.52823831,Acme,ICP14B/1F04,Sed. Cor.,0.1,0.15
115,ED-0006,CCG 631,-44.70067862,-19.52778687,Acme,ICP14B/1F04,Sed. Cor.,0.8,0.49
116,ED-0007,CCG 632,-44.73056076,-19.51585972,Acme,ICP14B/1F04,Sed. Cor.,1,0.29
117,ED-0008,CCG 633,-44.73986281,-19.51590949,Acme,ICP14B/1F04,Sed. Cor.,0.7,0.18
118,ED-0009,CCG 634,-44.59283541,-19.502625,Acme,ICP14B/1F04,Sed. Cor.,0.7,0.18
119,ED-0010A,CCG 635,-44.61393745,-19.51758233,Acme,ICP14B/1F04,Sed. Cor.,1.2,0.1
120,ED-0010B,CCH145,-44.61393745,-19.51758233,Acme,ICP14B/1F04,Sed. Cor.,1.7,0.15
121,ED-0011,CCG 636,-44.73949216,-19.53309751,Acme,ICP14B/1F04,Sed. Cor.,4.7,0.32
122,ED-0012,CCG 637,-44.6591931,-19.54345593,Acme,ICP14B/1F04,Sed. Cor.,2.1,0.27
123,ED-0013,CCG 638,-44.63175751,-19.53560316,Acme,ICP14B/1F04,Sed. Cor.,0.1,0.42
124,ED-0014,CCG 639,-44.60514702,-19.54233375,Acme,ICP14B/1F04,Sed. Cor.,1,0.25
125,ED-0015,CCG 640,-44.61478065,-19.5518705,Acme,ICP14B/1F04,Sed. Cor.,0.1,0.43
126,ED-0016,CCG 641,-44.62205187,-19.58152713,Acme,ICP14B/1F04,Sed. Cor.,0.1,0.15
127,ED-0017,CCG 642,-44.63134308,-19.57118095,Acme,ICP14B/1F04,Sed. Cor.,1.3,0.23
128,ED-0018,CCG 643,-44.60201714,-19.671609,Acme,ICP14B/1F04,Sed. Cor.,1.1,0.48
129,ED-0019,CCG 644,-44.60422513,-19.66986976,Acme,ICP14B/1F04,Sed. Cor.,2,0.1
130,ED-0020A,CCG 645,-44.61196544,-19.6604883,Acme,ICP14B/1F04,Sed. Cor.,3.1,0.14
131,ED-0020B,CCH146,-44.61196544,-19.6604883,Acme,ICP14B/1F04,Sed. Cor.,2.7,0.14
132,JH-0001,CCG 646,-44.92288121,-19.98094917,Acme,ICP14B/1F04,Sed. Cor.,1,0.07
133,JH-0002,CCG 647,-44.9277834,-19.98396045,Acme,ICP14B/1F04,Sed. Cor.,0.4,0.04
134,JH-0003,CCG 648,-44.92818498,-19.98372566,Acme,ICP14B/1F04,Sed. Cor.,1,0.04
135,JH-0004,CCG 649,-44.9325145,-19.98511901,Acme,ICP14B/1F04,Sed. Cor.,0.4,0.05
136,JH-0005,CCG 650,-44.93705598,-19.98253619,Acme,ICP14B/1F04,Sed. Cor.,0.2,0.05
137,JH-0006,CCG 651,-44.94227478,-19.98322475,Acme,ICP14B/1F04,Sed. Cor.,1,0.03
138,JH-0007,CCG 652,-44.93284978,-19.98343831,Acme,ICP14B/1F04,Sed. Cor.,0.1,0.03
139,JH-0008,CCG 653,-44.93330601,-19.98959248,Acme,ICP14B/1F04,Sed. Cor.,0.9,0.07
140,JH-0009,CCG 654,-44.93649681,-19.99443732,Acme,ICP14B/1F04,Sed. Cor.,0.8,0.16
141,JH-0010A,CCG 655,-44.94027092,-19.99935459,Acme,ICP14B/1F04,Sed. Cor.,0.2,0.04
142,JH-0010B,CCH147,-44.94027092,-19.99935459,Acme,ICP14B/1F04,Sed. Cor.,0.8,0.04
143,JH-0011,CCG 656,-44.93398348,-19.99253869,Acme,ICP14B/1F04,Sed. Cor.,1.4,0.14
144,JH-0012,CCG 657,-44.93340865,-19.9955477,Acme,ICP14B/1F04,Sed. Cor.,0.6,0.06
145,JH-0013,CCG 658,-44.92866016,-19.98985273,Acme,ICP14B/1F04,Sed. Cor.,1,0.1
146,LR-0001,CCG 659,-44.72222234,-19.64870045,Acme,ICP14B/1F04,Sed. Cor.,10.3,0.27
147,LR-0002,CCG 660,-44.70909781,-19.65890049,Acme,ICP14B/1F04,Sed. Cor.,10.5,0.28
148,LR-0003,CCG 661,-44.74808549,-19.62182638,Acme,ICP14B/1F04,Sed. Cor.,29.3,0.28
149,LR-0004,CCG 662,-44.74827413,-19.62317316,Acme,ICP14B/1F04,Sed. Cor.,8.8,0.27
150,LR-0005,CCG 663,-44.67897823,-19.62258398,Acme,ICP14B/1F04,Sed. Cor.,27.4,0.08
151,LR-0006,CCG 664,-44.73273515,-19.57873384,Acme,ICP14B/1F04,Sed. Cor.,4.8,0.19
152,LR-0007,CCG 665,-44.75119752,-19.57027445,Acme,ICP14B/1F04,Sed. Cor.,9.7,0.55
153,LR-0008,CCG 666,-44.67595825,-19.5971395,Acme,ICP14B/1F04,Sed. Cor.,0.4,0.15
154,LR-0010A,CCG 667,-44.53898268,-19.52913675,Acme,ICP14B/1F04,Sed. Cor.,1.3,0.1
155,LR-0010B,CCH148,-44.53898268,-19.52913675,Acme,ICP14B/1F04,Sed. Cor.,1,0.1
156,LR-0011,CCG 668,-44.5231306,-19.5457868,Acme,ICP14B/1F04,Sed. Cor.,1,0.06
157,LR-0012,CCG 669,-44.5504349,-19.57210906,Acme,ICP14B/1F04,Sed. Cor.,1.3,0.09
158,LR-0013,CCG 670,-44.60044335,-19.60207572,Acme,ICP14B/1F04,Sed. Cor.,0.9,0.08
159,LR-0014,CCG 671,-44.5209473,-19.5975352,Acme,ICP14B/1F04,Sed. Cor.,1,0.1
160,LR-0015,CCG 672,-44.57557207,-19.57002818,Acme,ICP14B/1F04,Sed. Cor.,1.8,0.09
161,LR-0016,CCG 673,-44.57891288,-19.62350738,Acme,ICP14B/1F04,Sed. Cor.,0.7,0.31
162,LR-0017,CCG 674,-44.55929716,-19.61226376,Acme,ICP14B/1F04,Sed. Cor.,0.6,0.08
163,LR-0018,CCG 675,-44.54252113,-19.61954178,Acme,ICP14B/1F04,Sed. Cor.,1.9,0.28
164,LR-0019,CCG 676,-44.61860735,-19.64326014,Acme,ICP14B/1F04,Sed. Cor.,0.6,0.51
165,LR-0020A,CCG 677,-44.591723,-19.64166487,Acme,ICP14B/1F04,Sed. Cor.,1.7,0.64
166,LR-0020B,CCH149,-44.591723,-19.64166487,Acme,ICP14B/1F04,Sed. Cor.,0.5,0.56
167,LR-0021,CCG 678,-44.59081936,-19.65197388,Acme,ICP14B/1F04,Sed. Cor.,2.8,1.59
168,LR-0022,CCG 679,-44.5813892,-19.63951746,Acme,ICP14B/1F04,Sed. Cor.,0.9,0.28
169,LR-0023,CCG 680,-44.56777754,-19.71101168,Acme,ICP14B/1F04,Sed. Cor.,2.1,0.37
170,LR-0024,CCG 681,-44.52186121,-19.71072346,Acme,ICP14B/1F04,Sed. Cor.,1.9,0.42
171,LR-0025,CCG 682,-44.50727762,-19.67121151,Acme,ICP14B/1F04,Sed. Cor.,1.4,0.83
172,LR-0026,CCG 683,-44.51496541,-19.66530431,Acme,ICP14B/1F04,Sed. Cor.,1.4,1.01
173,LR-0027,CCG 684,-44.51196326,-19.65492196,Acme,ICP14B/1F04,Sed. Cor.,4.3,0.22
174,LR-0028,CCG 685,-44.61629702,-19.71225163,Acme,ICP14B/1F04,Sed. Cor.,11.5,0.27
175,LR-0030A,CCG 686,-44.51146482,-19.740616,Acme,ICP14B/1F04,Sed. Cor.,0.3,0.3
176,LR-0030B,CCH150,-44.51146482,-19.740616,Acme,ICP14B/1F04,Sed. Cor.,0.1,0.42
177,LR-0031,CCG 687,-44.52218848,-19.74508194,Acme,ICP14B/1F04,Sed. Cor.,0.1,0.13
178,LR-0032,CCG 688,-44.54077159,-19.72487924,Acme,ICP14B/1F04,Sed. Cor.,1.5,0.55
179,LR-0033,CCG 689,-44.54203531,-19.72011107,Acme,ICP14B/1F04,Sed. Cor.,4.5,0.59
180,LR-0034,CCG 690,-44.57586748,-19.73343316,Acme,ICP14B/1F04,Sed. Cor.,1.7,0.21
181,LR-0035,CCG 691,-44.59842416,-19.72372539,Acme,ICP14B/1F04,Sed. Cor.,5,0.29
182,LR-0036,CCG 692,-44.61840155,-19.68187427,Acme,ICP14B/1F04,Sed. Cor.,4.7,0.16
183,LR-0037,CCG 693,-44.65754719,-19.69055628,Acme,ICP14B/1F04,Sed. Cor.,27.5,0.23
184,LR-0038,CCG 694,-44.66632272,-19.72847341,Acme,ICP14B/1F04,Sed. Cor.,13.9,0.14
185,LR-0039,CCG 695,-44.69605961,-19.74375341,Acme,ICP14B/1F04,Sed. Cor.,4.8,0.11
186,LR-0040A,CCG 696,-44.69204837,-19.74512919,Acme,ICP14B/1F04,Sed. Cor.,12.7,0.12
187,LR-0040B,CCH151,-44.69204837,-19.74512919,Acme,ICP14B/1F04,Sed. Cor.,13.1,0.13
188,LR-0041,CCG 697,-44.70171687,-19.71425754,Acme,ICP14B/1F04,Sed. Cor.,19.3,0.12
189,LR-0042,CCG 698,-44.75397816,-19.73514883,Acme,ICP14B/1F04,Sed. Cor.,22.1,0.2
190,LR-0043,CCG 699,-44.5466403,-19.75878191,Acme,ICP14B/1F04,Sed. Cor.,0.1,0.14
191,LR-0044,CCG 700,-44.52843885,-19.78441714,Acme,ICP14B/1F04,Sed. Cor.,0.9,0.2
192,LR-0045,CCG 701,-44.53588082,-19.79580475,Acme,ICP14B/1F04,Sed. Cor.,1,0.29
193,LR-0046,CCG 702,-44.52542806,-19.83071294,Acme,ICP14B/1F04,Sed. Cor.,2.7,1.33
194,LR-0047,CCG 703,-44.57940582,-19.89772846,Acme,ICP14B/1F04,Sed. Cor.,3.3,4.21
195,LR-0048,CCG 704,-44.57236326,-19.89125051,Acme,ICP14B/1F04,Sed. Cor.,2.9,0.77
196,LR-0049,CCG 705,-44.53666219,-19.89835428,Acme,ICP14B/1F04,Sed. Cor.,3.1,0.75
197,LR-0050A,CCG 706,-44.69473961,-19.7402539,Acme,ICP14B/1F04,Sed. Cor.,4.7,0.11
198,LR-0050B,CCH152,-44.69473961,-19.7402539,Acme,ICP14B/1F04,Sed. Cor.,5.1,0.11
199,LR-0051,CCG 707,-44.70765997,-19.71530657,Acme,ICP14B/1F04,Sed. Cor.,9.1,0.11
200,LR-0052,CCG 708,-44.75584411,-19.73192521,Acme,ICP14B/1F04,Sed. Cor.,25.1,0.28
201,LR-0053,CCG 709,-44.75484276,-19.73144489,Acme,ICP14B/1F04,Sed. Cor.,29.6,0.2
202,LR-0054,CCG 710,-44.502188,-19.93068419,Acme,ICP14B/1F04,Sed. Cor.,1.1,0.38
203,LR-0055,CCG 711,-44.53390368,-19.93339982,Acme,ICP14B/1F04,Sed. Cor.,0.6,0.57
204,LR-0056,CCG 712,-44.50827538,-19.98599532,Acme,ICP14B/1F04,Sed. Cor.,0.2,0.58
205,LR-0057,CCG 713,-44.50776277,-19.9879277,Acme,ICP14B/1F04,Sed. Cor.,1,0.54
206,LR-0058,CCG 714,-44.55440694,-19.92078317,Acme,ICP14B/1F04,Sed. Cor.,0.7,1
207,LR-0059,CCG 715,-44.60803543,-19.90628825,Acme,ICP14B/1F04,Sed. Cor.,0.3,0.1
208,LR-0060A,CCG 716,-44.58948931,-19.92185262,Acme,ICP14B/1F04,Sed. Cor.,0.1,0.11
209,LR-0060B,CCH153,-44.58948931,-19.92185262,Acme,ICP14B/1F04,Sed. Cor.,0.2,0.11
210,LR-0061,CCG 717,-44.57650111,-19.93738313,Acme,ICP14B/1F04,Sed. Cor.,0.1,0.14
211,LR-0062,CCG 718,-44.6095347,-19.976551,Acme,ICP14B/1F04,Sed. Cor.,0.3,0.05
212,LR-0063,CCG 719,-44.59582334,-19.99349089,Acme,ICP14B/1F04,Sed. Cor.,1,0.1
213,LR-0064,CCG 720,-44.63511389,-19.97174378,Acme,ICP14B/1F04,Sed. Cor.,1,0.05
214,LR-0065,CCG 721,-44.62661771,-19.89005322,Acme,ICP14B/1F04,Sed. Cor.,0.7,0.3
215,LR-0066,CCG 722,-44.63092799,-19.88923987,Acme,ICP14B/1F04,Sed. Cor.,0.6,0.09
216,LR-0067,CCG 723,-44.64290933,-19.88410437,Acme,ICP14B/1F04,Sed. Cor.,1.4,0.16
217,LR-0068,CCG 724,-44.57607913,-19.7725447,Acme,ICP14B/1F04,Sed. Cor.,1.7,0.52
218,LR-0069,CCG 725,-44.56448969,-19.80090115,Acme,ICP14B/1F04,Sed. Cor.,0.7,0.67
219,LR-0070A,CCG 726,-44.66541501,-19.86606565,Acme,ICP14B/1F04,Sed. Cor.,0.1,0.18
220,LR-0070B,CCH154,-44.66541501,-19.86606565,Acme,ICP14B/1F04,Sed. Cor.,0.1,0.16
221,LR-0071,CCG 727,-44.67251851,-19.85349974,Acme,ICP14B/1F04,Sed. Cor.,0.1,0.1
222,LR-0072,CCG 728,-44.68479313,-19.82839067,Acme,ICP14B/1F04,Sed. Cor.,0.7,0.3
223,LR-0073,CCG 729,-44.68848969,-19.82299318,Acme,ICP14B/1F04,Sed. Cor.,0.4,0.42
224,LR-0075,CCG 730,-44.72432298,-19.80881012,Acme,ICP14B/1F04,Sed. Cor.,0.1,0.28
225,LR-0076,CCG 731,-44.74724703,-19.86991461,Acme,ICP14B/1F04,Sed. Cor.,2.1,0.17
226,LR-0077,CCG 732,-44.74912155,-19.88055351,Acme,ICP14B/1F04,Sed. Cor.,0.9,0.09
227,LR-0078,CCG 733,-44.72014846,-19.88622155,Acme,ICP14B/1F04,Sed. Cor.,1.3,0.18
228,LR-0079,CCG 734,-44.73387292,-19.88226643,Acme,ICP14B/1F04,Sed. Cor.,0.2,0.05
229,LR-0080A,CCG 735,-44.72014849,-19.88620348,Acme,ICP14B/1F04,Sed. Cor.,1,0.1
230,LR-0080B,CCH155,-44.72014849,-19.88620348,Acme,ICP14B/1F04,Sed. Cor.,1.4,0.11
231,LR-0081,CCG 736,-44.70816615,-19.8931154,Acme,ICP14B/1F04,Sed. Cor.,0.8,0.09
232,LR-0082,CCG 737,-44.70903237,-19.900057,Acme,ICP14B/1F04,Sed. Cor.,1,0.11
233,LR-0083,CCG 738,-44.68415344,-19.91032544,Acme,ICP14B/1F04,Sed. Cor.,1.4,0.24
234,LR-0084,CCG 739,-44.69062152,-19.91040006,Acme,ICP14B/1F04,Sed. Cor.,0.1,0.05
235,MC-0001,CCG 740,-44.99887351,-19.77933662,Acme,ICP14B/1F04,Sed. Cor.,4.5,0.15
236,MC-0002,CCG 741,-44.95503798,-19.77189359,Acme,ICP14B/1F04,Sed. Cor.,1,0.13
237,MC-0003,CCG 742,-44.95231988,-19.79547921,Acme,ICP14B/1F04,Sed. Cor.,1.2,0.09
238,MC-0004,CCG 743,-44.93073091,-19.75620677,Acme,ICP14B/1F04,Sed. Cor.,0.8,0.21
239,MC-0005,CCG 744,-44.95172631,-19.80089215,Acme,ICP14B/1F04,Sed. Cor.,1,0.24
240,MC-0006,CCG 745,-44.96440931,-19.82798768,Acme,ICP14B/1F04,Sed. Cor.,0.6,0.14
241,MC-0007,CCG 746,-44.95119576,-19.81864947,Acme,ICP14B/1F04,Sed. Cor.,1.1,0.14
242,MC-0008,CCG 747,-44.9337574,-19.84684788,Acme,ICP14B/1F04,Sed. Cor.,1.1,0.19
243,MC-0009,CCG 748,-44.9160306,-19.79418261,Acme,ICP14B/1F04,Sed. Cor.,0.7,0.15
244,MC-0010A,CCG 749,-44.92476475,-19.77752246,Acme,ICP14B/1F04,Sed. Cor.,1,0.15
245,MC-0010B,CCH156,-44.92476475,-19.77752246,Acme,ICP14B/1F04,Sed. Cor.,0.7,0.14
246,MC-0011,CCG 750,-44.9819292,-19.94132089,Acme,ICP14B/1F04,Sed. Cor.,0.1,0.07
247,MC-0012,CCG 751,-44.97066485,-19.97987007,Acme,ICP14B/1F04,Sed. Cor.,0.8,0.12
248,MC-0013,CCG 752,-44.9500121,-19.96957263,Acme,ICP14B/1F04,Sed. Cor.,0.1,0.04
249,MC-0014,CCG 753,-44.94467901,-19.91404026,Acme,ICP14B/1F04,Sed. Cor.,1.2,0.11
250,MC-0015,CCG 754,-44.94980198,-19.9085926,Acme,ICP14B/1F04,Sed. Cor.,0.7,0.07
251,MC-0016,CCG 755,-44.87867739,-19.91230857,Acme,ICP14B/1F04,Sed. Cor.,0.3,0.06
252,MC-0017,CCG 756,-44.90618187,-19.91706047,Acme,ICP14B/1F04,Sed. Cor.,0.1,0.02
253,MC-0018,CCG 757,-44.89207715,-19.91988097,Acme,ICP14B/1F04,Sed. Cor.,0.1,0.02
254,MC-0019,CCG 758,-44.99198607,-19.86712058,Acme,ICP14B/1F04,Sed. Cor.,1.1,0.12
255,MC-0020A,CCG 759,-44.95953947,-19.86424246,Acme,ICP14B/1F04,Sed. Cor.,1.8,0.16
256,MC-0020B,CCH157,-44.95953947,-19.86424246,Acme,ICP14B/1F04,Sed. Cor.,2,0.19
257,MC-0021,CCG 760,-44.94473069,-19.87527243,Acme,ICP14B/1F04,Sed. Cor.,1.8,0.19
258,MC-0022,CCG 761,-44.93434163,-19.88925788,Acme,ICP14B/1F04,Sed. Cor.,0.7,0.08
259,MC-0023,CCG 762,-44.88888274,-19.88320777,Acme,ICP14B/1F04,Sed. Cor.,0.1,0.06
260,MC-0024,CCG 763,-44.86557206,-19.9083049,Acme,ICP14B/1F04,Sed. Cor.,0.2,0.09
261,MC-0025,CCG 764,-44.92117054,-19.98031585,Acme,ICP14B/1F04,Sed. Cor.,0.9,0.05
262,MC-0026,CCG 765,-44.9313844,-19.96803017,Acme,ICP14B/1F04,Sed. Cor.,0.3,0.06
263,MC-0027,CCG 766,-44.90523576,-19.94943863,Acme,ICP14B/1F04,Sed. Cor.,0.1,0.02
264,MC-0028,CCG 767,-44.90440336,-19.99859786,Acme,ICP14B/1F04,Sed. Cor.,0.1,0.08
265,MC-0029,CCG 768,-44.89542378,-19.98876991,Acme,ICP14B/1F04,Sed. Cor.,4,0.08
266,MC-0030A,CCG 769,-44.87803301,-19.95516939,Acme,ICP14B/1F04,Sed. Cor.,2.7,0.28
267,MC-0030B,CCH158,-44.87803301,-19.95516939,Acme,ICP14B/1F04,Sed. Cor.,0.9,0.08
268,MC-0031,CCG 770,-44.84941483,-19.97998026,Acme,ICP14B/1F04,Sed. Cor.,2.3,0.17
269,MC-0032,CCG 771,-44.9045174,-19.84056305,Acme,ICP14B/1F04,Sed. Cor.,3.1,0.13
270,MC-0033,CCG 772,-44.89738933,-19.81649396,Acme,ICP14B/1F04,Sed. Cor.,0.9,0.14
271,MC-0034,CCG 773,-44.88611996,-19.7788666,Acme,ICP14B/1F04,Sed. Cor.,0.8,0.21
272,MC-0035,CCG 774,-44.88623103,-19.78378274,Acme,ICP14B/1F04,Sed. Cor.,1.5,0.14
273,MC-0036,CCG 775,-44.87962134,-19.81360011,Acme,ICP14B/1F04,Sed. Cor.,1,0.08
274,MC-0037,CCG 776,-44.84782114,-19.82737511,Acme,ICP14B/1F04,Sed. Cor.,0.4,0.11
275,MC-0038,CCG 777,-44.89772683,-19.98982855,Acme,ICP14B/1F04,Sed. Cor.,0.9,0.09
276,MC-0039,CCG 778,-44.85859199,-19.94670564,Acme,ICP14B/1F04,Sed. Cor.,0.1,0.03
277,MC-0040A,CCG 779,-44.83588249,-19.90354473,Acme,ICP14B/1F04,Sed. Cor.,0.9,0.07
278,MC-0040B,CCH159,-44.83588249,-19.90354473,Acme,ICP14B/1F04,Sed. Cor.,0.8,0.06
279,MC-0041,CCG 780,-44.76656108,-19.77166563,Acme,ICP14B/1F04,Sed. Cor.,16.8,0.3
280,MC-0042,CCG 781,-44.76241546,-19.7734585,Acme,ICP14B/1F04,Sed. Cor.,21.1,0.21
281,MC-0043,CCG 782,-44.78349504,-19.76508096,Acme,ICP14B/1F04,Sed. Cor.,172.6,0.24
282,MC-0044,CCG 783,-44.79976981,-19.75784329,Acme,ICP14B/1F04,Sed. Cor.,59.2,0.23
283,MC-0045,CCG 784,-44.82492298,-19.76516243,Acme,ICP14B/1F04,Sed. Cor.,2.9,0.47
284,MC-0046,CCG 785,-44.81477227,-19.77662002,Acme,ICP14B/1F04,Sed. Cor.,2.5,0.38
285,MC-0047,CCG 786,-44.87231118,-19.91597304,Acme,ICP14B/1F04,Sed. Cor.,3.5,0.1
286,MC-0048,CCG 787,-44.84079391,-19.94101552,Acme,ICP14B/1F04,Sed. Cor.,0.6,0.06
287,MC-0049,CCG 788,-44.82947078,-19.95794884,Acme,ICP14B/1F04,Sed. Cor.,0.9,0.1
288,MC-0050A,CCG 789,-44.82689537,-19.95333763,Acme,ICP14B/1F04,Sed. Cor.,1.5,0.1
289,MC-0050B,CCH160,-44.82689537,-19.95333763,Acme,ICP14B/1F04,Sed. Cor.,1.3,0.1
290,MC-0051,CCG 790,-44.88697654,-19.82312073,Acme,ICP14B/1F04,Sed. Cor.,1.1,0.09
291,MC-0052,CCG 791,-44.88799997,-19.84798173,Acme,ICP14B/1F04,Sed. Cor.,0.7,0.04
292,MC-0053,CCG 792,-44.87231759,-19.872226,Acme,ICP14B/1F04,Sed. Cor.,1,0.07
293,MC-0054,CCG 793,-44.85080857,-19.82900426,Acme,ICP14B/1F04,Sed. Cor.,0.7,0.1
294,MC-0055,CCG 794,-44.80462415,-19.77693455,Acme,ICP14B/1F04,Sed. Cor.,3.9,0.32
295,MC-0056,CCG 795,-44.7739258,-19.80212927,Acme,ICP14B/1F04,Sed. Cor.,3.1,0.13
296,MC-0057,CCG 796,-44.79526684,-19.80830004,Acme,ICP14B/1F04,Sed. Cor.,2.4,0.33
297,MC-0058,CCG 797,-44.79247938,-19.82254791,Acme,ICP14B/1F04,Sed. Cor.,7.5,0.27
298,MC-0059,CCG 798,-44.78121733,-19.84619282,Acme,ICP14B/1F04,Sed. Cor.,2.5,0.28
299,MC-0060A,CCG 799,-44.79106865,-19.85712108,Acme,ICP14B/1F04,Sed. Cor.,1,0.07
300,MC-0060B,CCH161,-44.79106865,-19.85712108,Acme,ICP14B/1F04,Sed. Cor.,0.6,0.07
301,MC-0061,CCG 800,-44.79145152,-19.86379971,Acme,ICP14B/1F04,Sed. Cor.,0.8,0.05
302,MC-0062,CCG 801,-44.77416099,-19.81814282,Acme,ICP14B/1F04,Sed. Cor.,0.6,0.13
303,MC-0063,CCG 802,-44.76532521,-19.82680677,Acme,ICP14B/1F04,Sed. Cor.,1.4,0.24
304,MC-0064,CCG 803,-44.77904799,-19.88167756,Acme,ICP14B/1F04,Sed. Cor.,0.1,0.07
305,MC-0065,CCG 804,-44.76961751,-19.9029381,Acme,ICP14B/1F04,Sed. Cor.,0.3,0.09
306,MC-0066,CCG 805,-44.7675322,-19.92431626,Acme,ICP14B/1F04,Sed. Cor.,0.4,0.11
307,MC-0067,CCG 806,-44.76079132,-19.91461093,Acme,ICP14B/1F04,Sed. Cor.,0.9,0.09
308,MC-0068,CCG 807,-44.75260134,-19.9280102,Acme,ICP14B/1F04,Sed. Cor.,0.1,0.12
309,MC-0069,CCG 808,-44.76181551,-19.93888489,Acme,ICP14B/1F04,Sed. Cor.,0.7,0.07
310,MC-0070A,CCG 809,-44.74865084,-19.95478938,Acme,ICP14B/1F04,Sed. Cor.,0.1,0.08
311,MC-0070B,CCH162,-44.74865084,-19.95478938,Acme,ICP14B/1F04,Sed. Cor.,0.3,0.07
312,MC-0071,CCG 810,-44.75094606,-19.96598,Acme,ICP14B/1F04,Sed. Cor.,0.1,0.05
313,MC-0072,CCG 811,-44.76302991,-19.98315715,Acme,ICP14B/1F04,Sed. Cor.,1.8,0.13
314,MC-0073,CCG 812,-44.76099639,-19.98785348,Acme,ICP14B/1F04,Sed. Cor.,3.5,0.1
